Mass [m/z],Formula [M],Species,CS [z],Polarity,Start [min],End [min],NCE,Comment
598.790055,,,2,Positive,70.33,82.33,27,SC[+57.021464]FPASLTASR (light)
601.800119,,,2,Positive,70.33,82.33,27,SC[+57.021464]FPASLTASR (heavy)
826.436126,,,2,Positive,71.21,83.21,27,LASALLAEQEPQPER (light)
829.44619,,,2,Positive,71.21,83.21,27,LASALLAEQEPQPER (heavy)
448.781827,,,2,Positive,72.7,84.7,27,ILEVLPGR (light)
451.791892,,,2,Positive,72.7,84.7,27,ILEVLPGR (heavy)
616.798934,,,2,Positive,63.07,75.07,27,APSTWEESGLR (light)
619.808998,,,2,Positive,63.07,75.07,27,APSTWEESGLR (heavy)
374.229231,,,2,Positive,70.85,82.85,27,LGFVVGR (light)
377.239295,,,2,Positive,70.85,82.85,27,LGFVVGR (heavy)
587.327327,,,2,Positive,63.15,75.15,27,LIPEASISTSR (light)
590.337392,,,2,Positive,63.15,75.15,27,LIPEASISTSR (heavy)
727.387916,,,2,Positive,96.27,108.27,27,LDYLGVSYGLTPR (light)
730.397981,,,2,Positive,96.27,108.27,27,LDYLGVSYGLTPR (heavy)
535.813856,,,2,Positive,72.61,84.61,27,AGPNASIISLK (light)
539.820955,,,2,Positive,72.61,84.61,27,AGPNASIISLK (heavy)
904.975084,,,2,Positive,96.2,108.2,27,SLEAEGFQVTYLPVQK (light)
908.982183,,,2,Positive,96.2,108.2,27,SLEAEGFQVTYLPVQK (heavy)
495.582838,,,3,Positive,59.76,71.76,27,AIGTDEDLAHSSIR (light)
497.589548,,,3,Positive,59.76,71.76,27,AIGTDEDLAHSSIR (heavy)
515.938845,,,3,Positive,77.25,89.25,27,LGVTNTIISHYDGR (light)
517.945554,,,3,Positive,77.25,89.25,27,LGVTNTIISHYDGR (heavy)
695.856646,,,2,Positive,63.77,75.77,27,GADSELSTVPSVTK (light)
699.863745,,,2,Positive,63.77,75.77,27,GADSELSTVPSVTK (heavy)
535.278595,,,2,Positive,66.51,78.51,27,LVYC[+57.021464]YPVR (light)
538.288659,,,2,Positive,66.51,78.51,27,LVYC[+57.021464]YPVR (heavy)
525.782556,,,2,Positive,61.33,73.33,27,LQELSAAYR (light)
528.79262,,,2,Positive,61.33,73.33,27,LQELSAAYR (heavy)
775.37266,,,2,Positive,70.15,82.15,27,SPYDGNETLLSPEK (light)
779.37976,,,2,Positive,70.15,82.15,27,SPYDGNETLLSPEK (heavy)
520.804968,,,2,Positive,94.99,106.99,27,YLIYDIIK (light)
524.812068,,,2,Positive,94.99,106.99,27,YLIYDIIK (heavy)
827.867553,,,2,Positive,71.73,83.73,27,FNSQPVGDC[+57.021464]DFNVR (light)
830.877618,,,2,Positive,71.73,83.73,27,FNSQPVGDC[+57.021464]DFNVR (heavy)
567.823889,,,2,Positive,99.24,111.24,27,SVLIGEFLEK (light)
571.830989,,,2,Positive,99.24,111.24,27,SVLIGEFLEK (heavy)
414.763103,,,2,Positive,61.5,73.5,27,LPLGTLSK (light)
418.770203,,,2,Positive,61.5,73.5,27,LPLGTLSK (heavy)
480.768394,,,2,Positive,67.61,79.61,27,TLQC[+57.021464]LGLR (light)
483.778459,,,2,Positive,67.61,79.61,27,TLQC[+57.021464]LGLR (heavy)
477.739302,,,2,Positive,59.3,71.3,27,MTLSPSYR (light)
480.749367,,,2,Positive,59.3,71.3,27,MTLSPSYR (heavy)
502.757692,,,2,Positive,60.44,72.44,27,EELNLVC[+57.021464]K (light)
506.764791,,,2,Positive,60.44,72.44,27,EELNLVC[+57.021464]K (heavy)
521.782693,,,2,Positive,75.84,87.84,27,FFVHSLHR (light)
524.792757,,,2,Positive,75.84,87.84,27,FFVHSLHR (heavy)
383.192956,,,3,Positive,66.61,78.61,27,YGGIPNFSHR (light)
385.199666,,,3,Positive,66.61,78.61,27,YGGIPNFSHR (heavy)
624.353345,,,2,Positive,61.55,73.55,27,VVVYPSNQTLK (light)
628.360444,,,2,Positive,61.55,73.55,27,VVVYPSNQTLK (heavy)
518.269912,,,2,Positive,59.65,71.65,27,AVC[+57.021464]C[+57.021464]LSVVK (light)
522.277012,,,2,Positive,59.65,71.65,27,AVC[+57.021464]C[+57.021464]LSVVK (heavy)
428.255977,,,2,Positive,49.48,61.48,27,AVPVGSGLR (light)
431.266041,,,2,Positive,49.48,61.48,27,AVPVGSGLR (heavy)
720.445234,,,2,Positive,105.19,117.19,27,TLPLVVILGATGTGK (light)
724.452334,,,2,Positive,105.19,117.19,27,TLPLVVILGATGTGK (heavy)
543.81693,,,2,Positive,71.56,83.56,27,STLALQLGQR (light)
546.826994,,,2,Positive,71.56,83.56,27,STLALQLGQR (heavy)
501.292559,,,2,Positive,97.55,109.55,27,FALEVPGLR (light)
504.302624,,,2,Positive,97.55,109.55,27,FALEVPGLR (heavy)
463.756341,,,2,Positive,44.47,56.47,27,DVVHSTLR (light)
466.766405,,,2,Positive,44.47,56.47,27,DVVHSTLR (heavy)
860.953817,,,2,Positive,96.2,108.2,27,EDLIYLTSDSPNILK (light)
864.960917,,,2,Positive,96.2,108.2,27,EDLIYLTSDSPNILK (heavy)
444.763103,,,2,Positive,61.72,73.72,27,IPAVTYPK (light)
448.770203,,,2,Positive,61.72,73.72,27,IPAVTYPK (heavy)
484.912073,,,3,Positive,60.7,72.7,27,EVPEHITEEELK (light)
487.583472,,,3,Positive,60.7,72.7,27,EVPEHITEEELK (heavy)
452.771125,,,2,Positive,57.6,69.6,27,LLLTSTEK (light)
456.778225,,,2,Positive,57.6,69.6,27,LLLTSTEK (heavy)
781.892843,,,2,Positive,92.36,104.36,27,IC[+57.021464]PVEFNPNFVAR (light)
784.902907,,,2,Positive,92.36,104.36,27,IC[+57.021464]PVEFNPNFVAR (heavy)
810.904462,,,2,Positive,105.14,117.14,27,VEWSAFLEAADNLR (light)
813.914526,,,2,Positive,105.14,117.14,27,VEWSAFLEAADNLR (heavy)
834.381016,,,2,Positive,80.67,92.67,27,GPVEGYEENEEFLR (light)
837.391081,,,2,Positive,80.67,92.67,27,GPVEGYEENEEFLR (heavy)
602.303852,,,2,Positive,49.19,61.19,27,HTVYEDQLAK (light)
606.310952,,,2,Positive,49.19,61.19,27,HTVYEDQLAK (heavy)
607.800611,,,2,Positive,104.23,116.23,27,DDLFTSEIFK (light)
611.80771,,,2,Positive,104.23,116.23,27,DDLFTSEIFK (heavy)
455.742702,,,2,Positive,74.89,86.89,27,AFQEFIR (light)
458.752767,,,2,Positive,74.89,86.89,27,AFQEFIR (heavy)
600.335152,,,2,Positive,82.52,94.52,27,AEDLVPTLVSR (light)
603.345217,,,2,Positive,82.52,94.52,27,AEDLVPTLVSR (heavy)
472.732197,,,2,Positive,44.44,56.44,27,VIEDPEDK (light)
476.739296,,,2,Positive,44.44,56.44,27,VIEDPEDK (heavy)
781.894094,,,2,Positive,76.06,88.06,27,AVLPEGQDVTSGFSR (light)
784.904158,,,2,Positive,76.06,88.06,27,AVLPEGQDVTSGFSR (heavy)
493.73052,,,2,Positive,42.93,54.93,27,DANPAEDVR (light)
496.740584,,,2,Positive,42.93,54.93,27,DANPAEDVR (heavy)
470.72586,,,2,Positive,52.18,64.18,27,FEEGMTVK (light)
474.73296,,,2,Positive,52.18,64.18,27,FEEGMTVK (heavy)
865.399406,,,2,Positive,77.11,89.11,27,FQELIQEYEDSGGSK (light)
869.406506,,,2,Positive,77.11,89.11,27,FQELIQEYEDSGGSK (heavy)
652.851501,,,2,Positive,53.96,65.96,27,STHGLEVPLSHK (light)
656.8586,,,2,Positive,53.96,65.96,27,STHGLEVPLSHK (heavy)
535.768591,,,2,Positive,43.19,55.19,27,ETMTNLHPK (light)
539.77569,,,2,Positive,43.19,55.19,27,ETMTNLHPK (heavy)
982.484001,,,2,Positive,87.83,99.83,27,GEDAPLDQGSGAILASTFSK (light)
986.491101,,,2,Positive,87.83,99.83,27,GEDAPLDQGSGAILASTFSK (heavy)
685.337035,,,2,Positive,86.9,98.9,27,C[+57.021464]TALTFIASEEK (light)
689.344134,,,2,Positive,86.9,98.9,27,C[+57.021464]TALTFIASEEK (heavy)
848.436657,,,2,Positive,54.98,66.98,27,GAEAANVTGPGGVPVQGSK (light)
852.443757,,,2,Positive,54.98,66.98,27,GAEAANVTGPGGVPVQGSK (heavy)
442.709056,,,2,Positive,40.67,52.67,27,SDLYSSGR (light)
445.719121,,,2,Positive,40.67,52.67,27,SDLYSSGR (heavy)
677.348457,,,2,Positive,93.19,105.19,27,SLFSSIGEVESAK (light)
681.355556,,,2,Positive,93.19,105.19,27,SLFSSIGEVESAK (heavy)
499.716024,,,2,Positive,77.53,89.53,27,DVEDMFSR (light)
502.726088,,,2,Positive,77.53,89.53,27,DVEDMFSR (heavy)
594.832777,,,2,Positive,58.86,70.86,27,VLVDQTTGLSR (light)
597.842841,,,2,Positive,58.86,70.86,27,VLVDQTTGLSR (heavy)
446.729792,,,2,Positive,49.27,61.27,27,YTIENPR (light)
449.739856,,,2,Positive,49.27,61.27,27,YTIENPR (heavy)
401.226885,,,2,Positive,44.7,56.7,27,EVLPSTR (light)
404.236949,,,2,Positive,44.7,56.7,27,EVLPSTR (heavy)
575.316763,,,2,Positive,72.96,84.96,27,LGTLSPAFSTR (light)
578.326827,,,2,Positive,72.96,84.96,27,LGTLSPAFSTR (heavy)
884.997505,,,2,Positive,105.33,117.33,27,LEDVALQILLAC[+57.021464]PVSK (light)
889.004604,,,2,Positive,105.33,117.33,27,LEDVALQILLAC[+57.021464]PVSK (heavy)
452.747984,,,2,Positive,57.63,69.63,27,IPENIYR (light)
455.758049,,,2,Positive,57.63,69.63,27,IPENIYR (heavy)
844.37468,,,2,Positive,90.01,102.01,27,FPELADPDTC[+57.021464]YGFR (light)
847.384744,,,2,Positive,90.01,102.01,27,FPELADPDTC[+57.021464]YGFR (heavy)
477.279983,,,2,Positive,44.61,56.61,27,VTISHAIGR (light)
480.290048,,,2,Positive,44.61,56.61,27,VTISHAIGR (heavy)
556.746367,,,2,Positive,45.7,57.7,27,ATPDPDPEDR (light)
559.756432,,,2,Positive,45.7,57.7,27,ATPDPDPEDR (heavy)
686.85698,,,2,Positive,87.59,99.59,27,LDLQNLSLEDGR (light)
689.867045,,,2,Positive,87.59,99.59,27,LDLQNLSLEDGR (heavy)
950.440354,,,2,Positive,99.5,111.5,27,LYYFQYPC[+57.021464]YQEGLR (light)
953.450419,,,2,Positive,99.5,111.5,27,LYYFQYPC[+57.021464]YQEGLR (heavy)
460.277243,,,2,Positive,46.04,58.04,27,LLNHAVPR (light)
463.287308,,,2,Positive,46.04,58.04,27,LLNHAVPR (heavy)
780.374149,,,2,Positive,104.16,116.16,27,AEGLDC[+57.021464]SYTVLFGK (light)
784.381248,,,2,Positive,104.16,116.16,27,AEGLDC[+57.021464]SYTVLFGK (heavy)
711.343371,,,2,Positive,103.32,115.32,27,AEADEIFQELEK (light)
715.350471,,,2,Positive,103.32,115.32,27,AEADEIFQELEK (heavy)
628.319502,,,2,Positive,82.91,94.91,27,EVEYFTGALAR (light)
631.329567,,,2,Positive,82.91,94.91,27,EVEYFTGALAR (heavy)
593.824952,,,2,Positive,39.49,51.49,27,SQAIAQPATTAK (light)
597.832051,,,2,Positive,39.49,51.49,27,SQAIAQPATTAK (heavy)
797.409577,,,2,Positive,103.09,115.09,27,EGVYEISLSPTGVSR (light)
800.419641,,,2,Positive,103.09,115.09,27,EGVYEISLSPTGVSR (heavy)
648.836474,,,2,Positive,90.49,102.49,27,VC[+57.021464]LYPGFVDVK (light)
652.843573,,,2,Positive,90.49,102.49,27,VC[+57.021464]LYPGFVDVK (heavy)
575.280377,,,2,Positive,50.41,62.41,27,EDITYQQPR (light)
578.290442,,,2,Positive,50.41,62.41,27,EDITYQQPR (heavy)
679.313894,,,2,Positive,89.8,101.8,27,TEGFC[+57.021464]GLPSFSR (light)
682.323959,,,2,Positive,89.8,101.8,27,TEGFC[+57.021464]GLPSFSR (heavy)
549.250231,,,2,Positive,47.55,59.55,27,LFSQDEC[+57.021464]AK (light)
553.257331,,,2,Positive,47.55,59.55,27,LFSQDEC[+57.021464]AK (heavy)
436.253434,,,2,Positive,49.22,61.22,27,LQDAAVVR (light)
439.263498,,,2,Positive,49.22,61.22,27,LQDAAVVR (heavy)
1195.121528,,,2,Positive,98.32,110.32,27,LQDAAVVRPGFLSTAEEETLSR (light)
1198.131592,,,2,Positive,98.32,110.32,27,LQDAAVVRPGFLSTAEEETLSR (heavy)
753.406503,,,2,Positive,88.07,100.07,27,SGIITSDVGDLTLSK (light)
757.413602,,,2,Positive,88.07,100.07,27,SGIITSDVGDLTLSK (heavy)
601.324785,,,2,Positive,53.91,65.91,27,LGSTEVASNVPK (light)
605.331884,,,2,Positive,53.91,65.91,27,LGSTEVASNVPK (heavy)
464.745973,,,2,Positive,41.27,53.27,27,DVPNSQLR (light)
467.756038,,,2,Positive,41.27,53.27,27,DVPNSQLR (heavy)
504.292225,,,2,Positive,88.39,100.39,27,YLDVSILGK (light)
508.299324,,,2,Positive,88.39,100.39,27,YLDVSILGK (heavy)
432.739962,,,2,Positive,90.6,102.6,27,NFPAIFR (light)
435.750027,,,2,Positive,90.6,102.6,27,NFPAIFR (heavy)
752.388113,,,2,Positive,110.28,122.28,27,EDFGLSIDIPLER (light)
755.398178,,,2,Positive,110.28,122.28,27,EDFGLSIDIPLER (heavy)
931.996548,,,2,Positive,108.59,120.59,27,ITISSLQDLTLYNPER (light)
935.006612,,,2,Positive,108.59,120.59,27,ITISSLQDLTLYNPER (heavy)
699.848624,,,2,Positive,84.89,96.89,27,QYEAYVQALEGK (light)
703.855723,,,2,Positive,84.89,96.89,27,QYEAYVQALEGK (heavy)
436.758018,,,2,Positive,51.57,63.57,27,EVVAEVVK (light)
440.765117,,,2,Positive,51.57,63.57,27,EVVAEVVK (heavy)
506.762154,,,2,Positive,34.36,46.36,27,SVLSEGHQR (light)
509.772219,,,2,Positive,34.36,46.36,27,SVLSEGHQR (heavy)
883.969802,,,2,Positive,107.81,119.81,27,IFVNNELNELYTGLK (light)
887.976901,,,2,Positive,107.81,119.81,27,IFVNNELNELYTGLK (heavy)
487.732531,,,2,Positive,50.84,62.84,27,DLGEEHFK (light)
582.318971,,,2,Positive,84.76,96.76,27,LVNELTEFAK (light)
443.711265,,,2,Positive,47.77,59.77,27,DDSPDLPK (light)
464.25036,,,2,Positive,71.61,83.61,27,YLYEIAR (light)
461.74765,,,2,Positive,57.65,69.65,27,AEFVEVTK (light)
395.239461,,,2,Positive,52.48,64.48,27,LVTDLTK (light)
784.375006,,,2,Positive,120.32,132.32,27,DAFLGSFLYEYSR (light)
653.361701,,,2,Positive,68.67,80.67,27,HLVDEPQNLIK (light)
740.401358,,,2,Positive,97.31,109.31,27,LGEYGFQNALIVR (light)
507.813324,,,2,Positive,92.03,104.03,27,QTALVELLK (light)
